FIRST NAME,LAST NAME,PHONE NUMBER,CITY,ZIP CODE
Raven,Patton,(724) 404-0568,Wangaratta,75222
Kyla,Gonzales,(796) 910-5001,Foligno,88960
Graham,Riggs,(687) 966-5058,Kavaratti,76753
Rae,Romero,(284) 316-4448,Radebeul,88361
Kylee,Pittman,(818) 796-8556,Vieux-Genappe,90534
Herman,Ross,(941) 333-3905,Innsbruck,82371
Mohammad,Clarke,(627) 396-4927,Çeşme,86839
Hector,Nguyen,(937) 111-7294,Friedberg,50314
Ivor,Garza,(785) 888-5461,Thurso,85458
Garrison,Guy,(694) 304-4023,Calle Larga,47146
Cullen,Chapman,(132) 775-7651,Coalhurst,85511
Shay,Caldwell,(740) 504-9763,Vicoli,40982
Palmer,Cohen,(737) 617-4136,Bida,16127
Mannix,Potts,(485) 317-4644,Recklinghausen,23255
Hunter,George,(829) 926-1551,Beersel,70691
Fitzgerald,Merritt,(936) 332-5284,Drumheller,44620
Paul,Alston,(134) 295-8380,Benalla,67489
Akeem,Ray,(480) 284-1024,Stamford,65686
Kevin,Melton,(488) 282-1451,Wetzlar,74979
Maggie,Coleman,(795) 155-7570,Vitória da Conquista,98140
Xavier,Carlson,(337) 497-3537,Northumberland,98723
Brynne,Salinas,(899) 126-4101,New Bombay,97504
Ian,Harvey,(520) 889-6378,Richmond,85753
Aquila,England,(279) 423-5227,Carterton,79836
Brock,Terry,(880) 187-4908,Brescia,97567
Quinn,Vang,(198) 166-1138,Labrecque,50139
Quentin,Ramsey,(855) 696-1982,Westkerke,65069
Dalton,Browning,(577) 224-8830,Pemberton,52595
Igor,Villarreal,(835) 351-3865,Profondeville,34344
Odysseus,Bryan,(126) 887-3186,Banff,47468
Guy,Thomas,(976) 109-7386,Norrköping,17005
Holly,Anderson,(215) 370-0857,Tula,11758
Wanda,Knight,(228) 394-0127,Alcobendas,75955
Summer,Ayala,(372) 320-6673,Rendsburg,86561
Harper,Torres,(610) 685-4346,Nizip,79077
Austin,Alvarez,(258) 189-3796,Quillón,44568
Helen,Young,(523) 937-6210,Notre-Dame-du-Nord,59963
Ferdinand,Livingston,(545) 339-4860,Palermo,65566
Maryam,Hughes,(958) 327-6874,Jumet,94590
Jack,Owens,(394) 495-7155,Midway,42658
Regan,Graves,(463) 733-9881,Moerkerke,44347
Hanna,Heath,(559) 579-1693,Lisieux,10594
Virginia,Noel,(429) 707-6378,Campomarino,14736
Regina,Mosley,(699) 241-7337,Santa Flavia,85414
Heather,Byers,(663) 756-3069,Villers-Perwin,96780
Claire,Kramer,(546) 982-5192,Bharuch,74585
Logan,Cortez,(191) 474-8153,Kapolei,17751
Hedy,Roman,(878) 928-8052,Tiruvottiyur,50535
Jolie,Sims,(215) 982-8230,Boninne,62078
Alexis,Hancock,(320) 805-2497,Darlington,67833
Hermione,Prince,(298) 556-3859,Hull,23830
Frances,Sparks,(206) 213-7119,Karacabey,78177
Caleb,Cohen,(918) 216-7866,Dreux,32957
Harriet,Kennedy,(152) 286-3323,Gloucester,97756
Aiko,Mason,(144) 239-9806,Leval-Chaudeville,95643
Constance,Cabrera,(676) 563-0820,Salcito,27784
Lacota,Eaton,(166) 789-6543,Pierrefonds,89575
Alana,Ferrell,(725) 974-2889,Gavirate,91593
Mariko,Adams,(515) 949-8759,Oberhausen,11986
Bradley,King,(854) 917-2238,Duluth,65539
Devin,Kirk,(645) 427-2891,Mira Bhayandar,47965
Jana,Cain,(818) 194-5528,Blumenau,24453
Kalia,Marsh,(265) 253-8674,Neath,90620
Armand,Perez,(492) 819-3787,Veerle,95637
Xaviera,Cruz,(987) 787-6595,Castres,93015
Reese,Bartlett,(553) 554-3815,Velletri,62893
Griffith,Santiago,(107) 350-3032,Anghiari,13354
Xavier,Sampson,(418) 851-4309,Vitrolles,11936
Jonas,Hoffman,(823) 262-0644,Essene,10474
Jameson,Short,(883) 720-9000,Stockport,39178
Preston,Rich,(985) 675-6058,Placanica,37292
Clarke,Frazier,(194) 610-1300,Dave,81750
Haviva,Dennis,(495) 269-4722,Whitchurch,25525
Ella,Hester,(501) 188-0865,Oudergem,22110
Finn,Strong,(235) 329-7225,Hay River,64216
Kiayada,Cortez,(219) 924-2043,West Valley City,12648
Ulysses,Conley,(207) 439-0284,Mobile,58691
Imogene,Mcfadden,(736) 649-1985,Sassocorvaro,19768
Ila,Rodriquez,(328) 540-5468,Berlin,56487
Abel,Rowe,(731) 297-3510,Carovilli,71381
Brynne,May,(831) 202-8453,Nedlands,59517
Faith,Conner,(151) 309-3804,North Bay,96553
Lucian,Kennedy,(512) 199-9966,Colli a Volturno,82845
Raja,Rose,(934) 307-1026,Birkenhead,50158
Jennifer,Reyes,(310) 376-9980,San Pancrazio Salentino,22767
Elizabeth,Wolfe,(832) 625-2438,Saint-Sébastien-sur-Loire,82526
Noel,Dawson,(265) 485-3707,Greifswald,75254
Rowan,Frye,(774) 469-3788,Kontich,77698
Garth,Stafford,(631) 685-7363,Thuin,48642
Talon,Hartman,(666) 400-5067,Aix-en-Provence,76246
Libby,Cobb,(604) 203-6733,Waren,52609
Irene,Newman,(352) 124-1378,Obaix,53779
Indira,White,(112) 383-0843,Owensboro,44671
Stacy,Wall,(947) 953-4727,Scala Coeli,33206
Nissim,Roberson,(546) 379-9103,Beverley,43073
Lewis,Perry,(803) 209-7908,Río Negro,78250
Grady,Cabrera,(408) 581-3833,Turriff,89262
Cedric,Estes,(920) 725-7532,Blehen,14790
Deirdre,Cherry,(266) 558-9044,Hudson Bay,55979
Lesley,Hernandez,(762) 999-1865,Gaggio Montano,32417
